190,d_basic_pos,1602203052,0
191,d_basic_neg,1602203052,1602202408
192,d_basic_zero,1602203052,0
193,d_basic_onlypos,1602203052,0
194,d_basic_onlyneg,1602203052,1602202408
195,d_basic_onlyzero,1602203052,0
196,d_intmax,1602203052,0
197,d_intmin,1602203052,0
198,d_width_pos_fits,1602203052,1602172327
199,d_width_neg_fits,1602198205,1602203052
200,d_width_zero_fits,1602202408,1602203052
201,d_width_pos_exactfit,1602203052,0
202,d_width_neg_exactfit,1602198205,1602203052
203,d_width_pos_nofit,1602203052,0
204,d_width_neg_nofit,1602203052,1602202408
205,d_width_pos_fits_lj,1602203052,1602172327
206,d_width_neg_fits_lj,1602198205,1602203052
207,d_width_zero_fits_lj,1602202408,1602203052
208,d_width_pos_exactfit_lj,1602203052,1602159246
209,d_width_neg_exactfit_lj,1602198205,1602203052
210,d_width_pos_nofit_lj,1602203052,0
211,d_width_neg_nofit_lj,1602203052,1602202408
212,d_prec_fits_pos,1602202408,1602203052
213,d_prec_fits_neg,1602153102,1602203052
214,d_prec_fits_zero,1602202408,1602203052
215,d_prec_exactfit_pos,1602203052,0
216,d_prec_exactfit_neg,1602203052,1602202408
217,d_prec_nofit_pos,1602203052,0
218,d_prec_nofit_neg,1602203052,1602202408
219,d_zp_pos_fits,1602203052,0
220,d_zp_neg_fits,1602198205,1602203052
221,d_zp_zero_fits,1602202408,1602203052
222,d_zp_pos_exactfit,1602203052,0
223,d_zp_neg_exactfit,1602198205,1602203052
224,d_zp_neg_minus1fit,1602203052,1602202408
225,d_prec_width_fit_fit_pos,1602203052,1602172327
226,d_prec_width_fit_fit_neg,1602153102,1602203052
227,d_prec_width_fit_fit_zero,1602202408,1602203052
228,d_prec_width_nofit_fit_pos,1602203052,1602172327
229,d_prec_width_nofit_fit_neg,1602198205,1602203052
230,d_prec_width_fit_nofit_pos,1602203052,0
231,d_prec_width_fit_nofit_neg,1602153102,1602203052
232,d_prec_width_nofit_nofit_pos,1602203052,0
233,d_prec_width_nofit_nofit_neg,1602203052,1602202408
234,d_prec_width_fit_fit_pos_lj,1602203052,1602202408
235,d_prec_width_fit_fit_neg_lj,1602111766,1602203052
236,d_prec_width_fit_fit_zero_lj,0,1602203052
237,d_prec_width_nofit_fit_pos_lj,1602203052,1602172327
238,d_prec_width_nofit_fit_neg_lj,1602198205,1602203052
239,d_prec_width_fit_nofit_pos_lj,1602203052,0
240,d_prec_width_fit_nofit_neg_lj,1602153102,1602203052
241,d_prec_width_nofit_nofit_pos_lj,1602203052,0
242,d_prec_width_nofit_nofit_neg_lj,1602203052,1602202408
243,d_prec_width_ff_pos_zp,0,1602203052
244,d_prec_width_ff_neg_zp,0,1602203052
245,d_prec_width_ff_zero_zp,0,1602203052
246,d_prec_width_nf_pos_zp,0,1602203052
247,d_prec_width_nf_neg_zp,0,1602203052
248,d_prec_width_fn_pos_zp,1602203052,0
249,d_prec_width_fn_neg_zp,1602153102,1602203052
250,d_prec_width_nn_pos_zp,1602203052,0
251,d_prec_width_nn_neg_zp,1602203052,1602202408
252,d_prec_width_ff_pos_lj_zp_ignoreflag,0,1602203052
253,d_prec_width_ff_neg_ljzp_ignoreflag,0,1602203052
254,d_prec_width_ff_zero_ljzp_ignoreflag,0,1602203052
255,d_prec_width_nf_pos_ljzp_ignoreflag,0,1602203052
256,d_prec_width_nf_neg_ljzp_ignoreflag,0,1602203052
257,d_prec_width_fn_pos_ljzp_ignoreflag,1602203052,0
258,d_prec_width_fn_neg_ljzp_ignoreflag,1602153102,1602203052
259,d_prec_width_nn_pos_ljzp_ignoreflag,1602203052,0
260,d_prec_width_nn_neg_ljzp_ignoreflag,1602203052,1602202408
261,d_prec0val0_basic,0,1602203052
262,d_prec0val0_implicit,0,1602203052
263,d_prec0val0_w,0,1602203052
264,d_prec0val0_w_impl,0,1602203052
265,d_prec0val0_wlj,0,1602203052
266,d_prec0val0_wlj_impl,0,1602203052
4186,d_neg_prec_star_01,1602203052,0
4187,d_neg_prec_star_02,1602203052,0
4188,d_neg_prec_star_03,1602203052,0
